pcd_sector,name,oslaua,population_weight,area_sq_km,oscty,gor,sitefinder.count,geotype,site.density
CB102,Cambridgeshire,E07000012,8887,97.5932,E10000003,E12000006,4,Rural 2,0.040986462
CB11,Cambridgeshire,E07000008,3643,0.689,E10000003,E12000006,7,Suburban 1,10.15965167
CB12,Cambridgeshire,E07000008,7603,1.0252,E10000003,E12000006,5,Suburban 1,4.877097152
CB17,Cambridgeshire,E07000008,4396,1.0359,E10000003,E12000006,3,Suburban 1,2.896032436
CB18,Cambridgeshire,E07000008,5656,1.7716,E10000003,E12000006,2,Suburban 1,1.128923007
CB19,Cambridgeshire,E07000012,9443,10.1561,E10000003,E12000006,6,Suburban 2,0.590777956
CB20,Cambridgeshire,E07000008,1173,1.7714,E10000003,E12000006,2,Rural 1,1.129050469
CB21,Cambridgeshire,E07000008,7559,1.3897,E10000003,E12000006,8,Suburban 1,5.756638123
